0	0.1	0.2	0.3	-3.469447e-18	-3.469447e-18.1
0.027554697	0.0092927471	0.056966303	-0.00096430971	0.00049253038	4.0153106e-05
0.029226936	0.040713766	0.0010507249	-0.0011254396	0.00046875956	-3.4241519e-06
0.012146361	-0.0019012922	0.00015787246	0.00011809668	0.00022089323	3.6133659e-05
0.015838003	-0.0023057673	0.08125638	-0.00015038855	0.00014087738	-6.3409366e-05
0.010872458	0.04262697	0.031605673	-0.0012241323	-0.00028410301	-0.00019771508
-0.0010753563	0.013439568	-0.013742381	-0.00049276906	-0.00047606698	-0.00021319064
-0.0060741795	-0.011574274	0.055138864	-0.00041352245	-0.00046082604	-0.00036372763
0.011768621	0.028430174	0.072848105	-0.0011278613	-0.0002944466	-0.00038389748
0.0098588857	0.028648598	0.006663269	-0.00089827643	-7.2622467e-05	-9.2850248e-05
0.00057214443	-0.0092184772	0.035113676	-0.00020606944	-0.0002841948	-0.00017830751
0.012714467	0.01268203	0.075826358	-0.0011047757	-0.00027820676	-0.0002263274
0.013540508	0.03363907	0.0044010076	-0.0014507525	-0.00028559598	-0.00020900075
-0.0011535556	-0.00098333161	0.018545127	-0.00043750133	-0.0005219306	-0.00019160614
0.0065987183	-0.0028026976	0.079981074	-0.00078333884	-0.00050532902	-0.00040123876
0.018653324	0.028334267	0.06203438	-0.0016525873	-0.00039598916	-0.00034373274
0.010195393	-0.0050424986	0.024667318	-0.0011091534	-0.0003050771	-0.00028315274
0.0068871569	-0.005472503	0.065817423	-0.00030908928	-0.00018265173	-0.00029884596
0.0084882572	-0.0029663014	0.092456879	-0.00085151015	-0.0003133504	-0.00032562065
0.013777481	0.022277636	0.080746228	-0.0017644093	-0.00042511489	-0.00038964944
0.0049850605	0.0051848629	0.012814799	-0.0013624189	-0.00033741587	-0.00026425977
-0.0010661154	-0.031325047	0.066651894	-0.00074917019	-0.00032403161	-0.00031687249
0.010736813	-0.0028611104	0.082603836	-0.0014090182	-0.00025154334	-0.00037089914
0.010276485	0.011634125	0.029459843	-0.0017398228	-0.00034134199	-0.00037615781
-0.00089667726	-0.016891483	0.01690859	-0.0012449875	-0.00053892706	-0.00033456599
0.0065815152	-0.024137065	0.083357013	-0.00089503978	-7.5836849e-05	-0.00032088562
0.015609214	-0.0039997893	0.096232893	-0.0021132734	-9.626438e-05	-0.00028056857
0.0076433224	-0.0036484984	0.02156106	-0.0020328204	-0.00037148941	-0.00031359472
-0.0093709459	-0.027804784	0.019642406	-0.0012808606	-0.00075175928	-0.00033774279
-0.01238257	-0.0079891321	0.047416428	-0.0015621737	-0.00091092498	-0.00039197914
-0.003218187	0.02936506	0.0093215968	-0.0020594989	-0.00075119897	-0.00036635394
-0.0077672733	-0.00072653255	-0.021463641	-0.0015981963	-0.0008607925	-0.00040718746
-0.014541752	-0.010462189	0.0091295188	-0.0012554027	-0.00094530873	-0.00050842344
-0.014411568	-0.0037216359	0.019280739	-0.0014673648	-0.001039037	-0.00063566436
-0.0018388793	0.032037973	0.0041401997	-0.0018926243	-0.0006539644	-0.00046546585
0.0030720665	0.019044308	-0.024556743	-0.0010648625	-0.00039148306	-0.00029319412
-0.00050319269	-0.0052570277	0.013315842	-0.000795792	-0.00036510977	-0.00029471403
0.0083442905	0.022259992	0.030874096	-0.0015762188	-0.00032350385	-0.00033714275
0.0073735685	0.028727133	-0.0078598515	-0.0016937222	-0.00039712662	-0.00032568656
-0.0019999238	-0.018711262	0.015547144	-0.00064218886	-0.00049134817	-0.00036956877
-0.0010806098	-0.019957783	0.061433779	-0.0010746154	-0.0005774076	-0.00042601201
0.0046388206	0.020157007	0.012724945	-0.0019856984	-0.00061043277	-0.00047402252
-0.0030404016	-0.0071974143	-0.025857312	-0.0014801613	-0.0005447873	-0.00039026484
-0.0016140102	-0.014562993	-0.022705906	-0.00076527132	0.00012211104	-0.00043269652
-0.00057486805	-0.01595627	-0.033311124	-0.0012632893	-0.00031124248	-0.00031860259
0.0044016278	0.01863359	-0.026979195	-0.0018243076	-0.00023247806	-0.000434648
-0.0053397995	0.011407697	-0.074694653	-0.0013429563	-0.0003348929	-0.00045650078
-0.0062839899	-0.015548293	-0.041251971	-0.0012663766	-0.00053218425	-0.00047756592
0.0064426245	0.02455567	-0.047113736	-0.0019212591	-0.00025673685	-0.00042862364
-0.0012798037	0.0026290257	-0.084177295	-0.0011409738	-0.0002281292	-0.00034796642
0.0009839515	0.0035609584	-0.051281715	-0.00059788344	-0.00019255955	-0.00037646591
0.016450765	0.03198639	-0.032517838	-0.0015363171	9.1193658e-05	-0.00037731151
0.017566789	0.051021819	-0.06168186	-0.0017350294	6.1491735e-05	-0.00036964373
0.0044010108	0.014513589	-0.074330945	-0.00078296178	-0.00024545776	-0.00031823733
0.013385468	0.023935427	-0.017796256	-0.00061977869	-7.0824746e-05	-0.00030346982
0.019524735	0.058920297	-0.045203991	-0.0014807304	-0.00014748903	-0.00031307965
0.017983695	0.030698644	-0.077798693	-0.00073219001	2.1400106e-05	-0.00024116106
0.020477354	0.010183788	-0.033146184	-0.00022191523	5.3655361e-07	-0.00014010737
0.029635309	0.051216831	-0.038459184	-0.00094512693	0.00016580611	-0.00013882674
0.018891408	0.055673551	-0.087407514	-0.00083062948	7.4815867e-05	-0.00015053404
0.0083236299	0.031353095	-0.063667697	0.00011000517	-0.00025929776	-0.00012339889
0.0062302342	0.045172137	-0.021082697	-0.00057484319	-0.00036217321	-0.00032024684
0.0057815126	0.067350456	-0.076758864	-0.0012869641	-0.00045574193	-0.00046062227
-0.0079353342	0.023121153	-0.087163895	-0.00038788965	-0.00071505322	-0.00052577286
-0.0026897948	0.023136399	-0.035777006	-0.00045300091	-0.0006344253	-0.00061352005
0.0095246493	0.061161035	-0.063885157	-0.0011233785	-0.00044808669	-0.00052344703
-0.0036184271	0.034430672	-0.095401183	-0.00051243715	-0.00056569077	-0.00055146223
-0.0079199627	0.011534186	-0.038639885	-3.0607933e-05	-0.00064807453	-0.00064277922
-0.004532087	0.043178983	-0.03358993	-0.0011669098	-0.00061885322	-0.0006581345
-0.0016331824	0.057727874	-0.088579233	-0.0013960262	-0.0005449657	-0.000613149
-0.0095562334	0.017309624	-0.10026807	-0.00045678526	-0.0006084475	-0.00061137218
-0.0023895602	0.0241191	-0.053048256	-0.00079438274	-0.00048046163	-0.00066552412
0.0011596558	0.06053077	-0.083460248	-0.0015254138	-0.00036345702	-0.00059630819
-0.01028959	0.037696293	-0.12431624	-0.00089871342	-0.00069907799	-0.00069353248
-0.012677956	0.031124627	-0.094702785	-0.00041978822	-0.00076056007	-0.00074702723
-0.0028498788	0.066173415	-0.052510535	-0.0014029989	-0.00057606141	-0.00066560604
-0.0048292976	0.056255373	-0.12457935	-0.00081290025	-0.00050731179	-0.00057092243
-0.0091074955	0.019709391	-0.075504376	0.00018407413	-0.00062736546	-0.00058676023
-0.0051022491	0.046426567	-0.046212722	-0.001124886	-0.00071827737	-0.00073169206
-0.0021469813	0.059187004	-0.10416592	-0.0010454481	-0.00069989045	-0.00061582211
-0.012190136	0.01542488	-0.079108594	-7.5141091e-05	-0.00075706568	-0.00071125317
-0.002065803	0.020291521	-0.020736244	-0.00077843635	-0.00057588255	-0.00067096088
-0.0040005571	0.061841078	-0.062904676	-0.0012562865	-0.00059527405	-0.00064046106
-0.013069686	0.024771314	-0.08863762	-0.00017128295	-0.00088195132	-0.0006535016
-0.01397581	0.018289469	-0.042868239	-0.00063658516	-0.00095646485	-0.00081517204
-0.0025747352	0.055526276	-0.062369767	-0.001548914	-0.00087183982	-0.00086379449
-0.013514337	0.02284876	-0.10073174	-0.00074508179	-0.0010134282	-0.00081027672
-0.017950728	0.0065888377	-0.059447881	-0.00013132612	-0.00096148658	-0.00079842516
-0.0098175002	0.046932737	-0.037003813	-0.0010817314	-0.0007729616	-0.00085204896
-0.012868866	0.05162469	-0.10613303	-0.00070061817	-0.00091995708	-0.00074384188
-0.018491667	0.032818406	-0.093717319	-5.4875786e-06	-0.0009278486	-0.00082517183
-0.0054700903	0.040870321	-0.076046918	-0.00043779343	-0.00085684971	-0.0007607442
-0.0095856973	0.072074567	-0.13013582	-0.00076305571	-0.00096333391	-0.00071225736
-0.014922949	0.048434687	-0.1475494	0.00038451903	-0.00092351492	-0.00069819181
-0.0061583926	0.040728941	-0.098950833	-0.00024816505	-0.00062275391	-0.00061420215
-0.0037374409	0.078146878	-0.13453718	-0.00078956541	-0.00059082896	-0.00063218339
-0.01141324	0.056835206	-0.17017697	0.00019996906	-0.00066496581	-0.00073930097
-0.0081934699	0.054156293	-0.14184785	0.0002219467	-0.00077025832	-0.00077896165
0.00055019306	0.090797366	-0.15809829	-0.00023869839	-0.00060033676	-0.00080200492
-0.0067173321	0.055021112	-0.18702865	0.00051105945	-0.00055468651	-0.00068625086
-0.0054973517	0.057824565	-0.15240041	0.00047769343	-0.00068270436	-0.00067160901
-0.0022732509	0.098872373	-0.16410718	-4.6487978e-06	-0.00053463026	-0.0007287405
-0.013394957	0.071159545	-0.20699156	0.00086045412	-0.00070777795	-0.00073353905
-0.0054650131	0.081006556	-0.1547887	0.0003645507	-0.00064470509	-0.0008291642
-0.001759058	0.10823964	-0.19827334	0.00010582429	-0.0005690198	-0.00059028084
-0.00087759098	0.07671529	-0.22824271	0.0011411379	-0.00028256218	-0.00054293823
0.0066559325	0.090129986	-0.1860041	0.00058154432	-0.00017095068	-0.00061828229
0.010247425	0.13320933	-0.20496434	0.00085116673	-2.2101769e-05	-0.00046529126
0.0035957155	0.10794518	-0.24850897	0.0015181831	-0.00013821302	-0.00043815131
0.011026991	0.12216189	-0.19513925	0.0013022174	-0.00018418316	-0.00052497276
0.012324321	0.14528	-0.21119099	0.00085429342	-6.3508438e-05	-0.00048880682
-0.002543385	0.10690341	-0.25552571	0.0012612344	-0.00041783112	-0.00067223554
0.00066210618	0.10648798	-0.20956021	0.00090837672	-0.00044551144	-0.00056753153
-0.0024718757	0.13896931	-0.23649561	0.0008838381	-0.00039669007	-0.00065228143
-0.0057151034	0.10036271	-0.22570129	0.0018444871	-0.00042862545	-0.00061310406
0.00026020439	0.11437009	-0.19477375	0.00081282344	-0.00056153161	-0.00061923967
0.0051289432	0.13473669	-0.24000892	0.0010137323	-0.00025550676	-0.0005543478
-0.00070754616	0.092117061	-0.24820298	0.0019519221	-0.00039902041	-0.00053589051
0.0079625689	0.1104494	-0.19161777	0.0007206528	-0.00022006231	-0.00061461816
-0.0011758238	0.12548206	-0.24907443	0.00060715153	-0.00051804462	-0.00072044073
-0.014053645	0.085807719	-0.26335316	0.0013233105	-0.00077040755	-0.00085703617
-0.0028048075	0.10189208	-0.21142515	0.00086887234	-0.00071730465	-0.00081566342
-0.0012447724	0.12802688	-0.25385348	0.00074018741	-0.00064074864	-0.00075751013
-0.0097632499	0.084507815	-0.27595218	0.0015607829	-0.0008451293	-0.0008385981
0.0015458772	0.11442076	-0.23507819	0.00083305244	-0.00059483558	-0.00079048969
-0.0050940769	0.12958301	-0.27471929	0.00071815075	-0.00078930467	-0.00080720407
-0.01381279	0.083436722	-0.25880551	0.0016496706	-0.00085475683	-0.00082091859
0.0019842857	0.11518058	-0.19036258	0.00090824012	-0.00054631302	-0.0005017465
0.010250976	0.1278096	-0.26589735	0.0010944794	-0.00030597494	-0.00050259024
0.0045803296	0.06965865	-0.22547187	0.0022930076	-0.0003843823	-0.00046223307
0.019619434	0.098067022	-0.14391042	0.0010923177	-3.0923548e-05	-0.00051539514
0.014626397	0.12347719	-0.22923222	0.00087820052	-0.00017084349	-0.00040313706
-0.0036530324	0.0738729	-0.2194545	0.0018548304	-0.0007108852	-0.00045097074
-0.00063995881	0.088734239	-0.17905129	0.0012143175	-0.00028886696	-0.00047582834
-0.00060833438	0.12348002	-0.21226632	0.00026736202	-0.00038138637	-0.00060089889
-0.0056878191	0.096010301	-0.28054805	0.00092663709	-0.00039745333	-0.00089672644
-0.0095618758	0.082881929	-0.22486124	0.0011160277	-0.00044566213	-0.00095592859
-0.0015465788	0.11312067	-0.22132104	0.00027089948	-0.00051403371	-0.00086862862
-0.013975772	0.097853806	-0.26350374	0.00072435417	-0.00065275315	-0.00090111092
-0.011908385	0.0868697	-0.23810521	0.00138796	-0.00043876965	-0.000843677
-0.0067145419	0.11060442	-0.2148109	0.00047547627	-0.00046292054	-0.00099549135
-0.011034498	0.11661213	-0.26986565	0.00036101999	-0.00059709477	-0.00098099483
-0.014814027	0.083296414	-0.25155516	0.0013296101	-0.00045807552	-0.00093618115
-0.0027615784	0.096747882	-0.21546501	0.00061093169	-0.00040284594	-0.0009631105
0.0010308765	0.11052596	-0.24636777	0.00030185597	-0.00039266445	-0.00094767159
-0.0052695839	0.084477492	-0.26746916	0.00095801297	-0.00058658559	-0.00091785483
-0.00018628507	0.07613237	-0.234815	0.0011001805	-0.00030556442	-0.00092908263
0.0085283382	0.092479133	-0.23372694	0.00051297144	-0.00032160712	-0.00082198858
0.0082529189	0.11213732	-0.2647994	0.00040619089	-0.00014623037	-0.00083208768
0.0052636561	0.074759203	-0.26437253	0.00081594465	4.0552265e-05	-0.00080588934
0.0062914179	0.070953345	-0.21769824	0.00070794262	-8.4388447e-06	-0.0008439408
0.0095937348	0.10316627	-0.23367247	4.7573938e-05	3.1990474e-05	-0.00090162607
0.0054749597	0.083764274	-0.27015985	0.00059371264	-6.0426613e-05	-0.00078996494
0.00093237788	0.063016821	-0.21750439	0.001518681	-0.00013611269	-0.00087427336
0.0098541255	0.096546916	-0.21196704	0.00038842849	-4.1740611e-05	-0.00083221164
0.0097741202	0.1080259	-0.27676656	0.00034907514	3.6101217e-05	-0.00076755331
0.0052852546	0.077807736	-0.26636702	0.0011526372	8.038064e-05	-0.00077128849
0.0077784551	0.091853083	-0.24444164	0.00054786353	6.1208899e-06	-0.00094685379
0.012696833	0.12752391	-0.28146219	0.00016114216	-9.4399119e-05	-0.00095478639
0.005536423	0.097433765	-0.30139273	0.00057037505	-9.8802144e-05	-0.00098263295
0.0046620034	0.087484329	-0.27324823	0.00074462031	-0.00012580847	-0.0010288976
0.010735083	0.11538834	-0.28185865	7.0165705e-05	-5.9837404e-05	-0.0010515969
0.0088105726	0.11748454	-0.31883368	0.00023993153	-0.00017958316	-0.00084283116
0.001747151	0.087888911	-0.30002679	0.00091626995	-0.00038322365	-0.00090310305
0.0056685339	0.10144436	-0.28049186	0.00021021302	-0.00028187674	-0.0010570347
0.0099718965	0.12139366	-0.3079221	-0.00027421851	-8.5277167e-05	-0.00089542689
0.0069999426	0.092218805	-0.31013569	0.00079068622	-0.00010453684	-0.00077895601
0.0054214553	0.096629489	-0.267143	0.00088155198	-3.3471283e-05	-0.00082476725
0.0067934811	0.12594607	-0.26812181	-0.00039909685	-0.00012990401	-0.00079516838
0.00037908158	0.10328948	-0.30326927	0.00038369223	-0.00024999737	-0.00088345399
-0.0050174432	0.086459208	-0.27437842	0.00047420044	-0.00020595848	-0.0011043274
0.0043380576	0.11814408	-0.26738168	-0.00053549202	-9.2967017e-05	-0.00099618165
0.00046960879	0.10791715	-0.31055878	-4.9380722e-05	-0.00012538439	-0.00096732986
-0.00248032	0.074962179	-0.27074305	0.00089117396	-5.2097182e-05	-0.00096174536
-0.005862728	0.10173425	-0.24529936	8.9336162e-05	-8.7316851e-06	-0.0010498292
-0.0092290029	0.12493127	-0.28782023	-0.000258422	-0.00018355081	-0.0010541108
-0.013061438	0.080248937	-0.29748587	0.00060512232	-0.0003775491	-0.0010364539
-0.016898467	0.083135991	-0.25933151	0.00039265317	-0.00031872582	-0.0012123922
-0.016670127	0.11849661	-0.28673981	-0.00054173452	-0.00043698663	-0.0013057088
-0.020039688	0.094722783	-0.31470184	0.00011283813	-0.00052558149	-0.0011464951
-0.027669478	0.078493143	-0.27497382	0.0004674677	-0.00056285043	-0.0012176508
-0.026699118	0.10272362	-0.25850028	-0.00028921622	-0.00039407991	-0.0014308421
-0.028628934	0.10320648	-0.31376869	-0.00028647839	-0.00062788844	-0.0014051005
-0.028771407	0.080619802	-0.30863994	0.00040899682	-0.00070451514	-0.0013985788
-0.017380879	0.094740342	-0.28344659	-4.7989118e-05	-0.00038700626	-0.0013851561
-0.008685286	0.11061008	-0.30697188	-0.00034274991	-0.00013195393	-0.0013178992
-0.015009127	0.069277305	-0.31240023	0.00053065227	-0.00022951868	-0.0012739241
-0.018640512	0.071392841	-0.28000517	-0.00028759267	-0.00027231594	-0.0013790613
-0.015249004	0.10338699	-0.29414836	-0.0007126815	-0.00021950479	-0.0012856195
-0.016874192	0.077105085	-0.32698736	-0.00015783522	-0.00028062213	-0.001334833
-0.011037529	0.07701034	-0.28694767	-0.00012770193	-0.00016031282	-0.0012925955
-0.0066058309	0.10378711	-0.28561086	-0.00082768415	-9.3216008e-05	-0.001270779
-0.0078169232	0.087826146	-0.31626686	-0.00020664024	-6.981169e-05	-0.0012325831
-0.0044290016	0.06372048	-0.26219547	0.00051555347	-1.3300076e-05	-0.0012774643
-0.0026154731	0.1051338	-0.24832477	-0.00036931272	5.3775301e-05	-0.0012524506
0.00096694024	0.10899982	-0.30141449	-9.8921684e-05	0.00022324428	-0.0009765286
-0.0017855728	0.080324233	-0.29874349	0.00036361854	-2.5136958e-05	-0.00099319819
0.001126182	0.11737734	-0.27287211	-0.0002281835	9.4603637e-06	-0.0010443317
0.002313133	0.13202971	-0.31627715	-5.436917e-05	8.732222e-05	-0.00093257928
-0.0082806544	0.091484431	-0.32497695	0.00073810488	-0.00010585495	-0.00099375477
0.001284041	0.1164095	-0.29771605	0.00033456517	9.9593733e-05	-0.00086915267
0.003522062	0.13328711	-0.3232891	1.7480971e-05	-1.839171e-06	-0.00075535086
-0.0063228123	0.10024133	-0.32787189	0.00091116602	-0.00017165516	-0.00080119078
-0.0060642856	0.11471615	-0.29698769	0.00029907515	-0.00012923827	-0.001105325
-0.0018251162	0.14213692	-0.32721603	-2.2778994e-05	-4.00551e-05	-0.00094191827
-0.0083476712	0.10544139	-0.34426482	0.00082011588	-0.00016306166	-0.0011164632
0.0065221142	0.12169294	-0.37791443	0.0008826565	0.00019650374	-0.0014353088
0.010996543	0.14539556	-0.33020597	0.00037034453	0.00013874188	-0.0010090662
-0.0020035417	0.11390246	-0.37293846	0.00062616953	-0.00013221024	-0.0010643637
0.0016322465	0.10155358	-0.32788365	0.00076206725	2.6459621e-05	-0.001232076
0.0070880509	0.13890067	-0.32487432	0.00029510098	5.0667093e-06	-0.0012000188
-0.0041756762	0.12201916	-0.36224146	0.00070963048	-0.0001362264	-0.0011912586
-0.0080024056	0.10182133	-0.34325706	0.00098535329	-0.00025972902	-0.0012148961
0.0010374823	0.12705238	-0.31307632	0.00045524622	-8.9985892e-05	-0.0012501007
0.0014544909	0.13736217	-0.36247254	0.00033602851	-9.6740598e-05	-0.0011770923
-0.0073654152	0.091610381	-0.32188821	0.0017524814	-0.00014854679	-0.0011309694
0.0016533022	0.096576196	-0.24840817	0.0013988471	-9.5134407e-05	-0.001042696
0.0074528421	0.14346852	-0.28665046	0.00048125617	-0.00012923241	-0.00089739796
-0.0073439825	0.11159895	-0.32978851	0.0015137637	-0.00047858373	-0.00086507634
-0.0076399461	0.098475436	-0.29703363	0.0016239051	-0.00040821173	-0.001004219
-0.00075144433	0.14189523	-0.29936432	0.00049078036	-0.00028242527	-0.0010256115
-0.0086695054	0.12888958	-0.36148871	0.00089956514	-0.00025548606	-0.00097086927
-0.0059624704	0.098800302	-0.32697867	0.0014905708	-0.00018155701	-0.0010849786
0.0043807736	0.1289436	-0.29184401	0.00037236948	-0.0001987475	-0.0010485192
0.00065506061	0.13042926	-0.36750682	0.00053214431	-0.00013397798	-0.00089955771
-0.0058307679	0.098447637	-0.35538036	0.0012501171	-9.2599976e-05	-0.00098151654
0.0037366473	0.11627614	-0.32135934	0.00065335563	3.2665375e-05	-0.0010469623
0.0032566095	0.13434318	-0.37316179	0.00018676161	5.0553558e-05	-0.0010199776
-0.0033721789	0.097903787	-0.37019949	0.0010559309	-1.3514288e-05	-0.0010763036
0.002535784	0.097068929	-0.32433705	0.00066469312	3.0100136e-05	-0.0011929931
0.011420137	0.12515646	-0.35233614	2.0886319e-05	0.00012169363	-0.0010851393
0.0083535028	0.095660809	-0.38613138	0.00050659586	0.00023714347	-0.00098219845
0.0093076084	0.084409849	-0.35175572	0.00064877887	0.00022741446	-0.0011033564
0.013392986	0.11707403	-0.36105376	-4.6503657e-05	0.00020485942	-0.0011019015
0.01321533	0.11630991	-0.39774253	0.00029281452	0.00029675348	-0.00098939055
0.0074843157	0.085588187	-0.37895112	0.00067052082	0.0002094458	-0.0011173191
0.0081387583	0.10894718	-0.36264244	-3.0753569e-05	0.00018054756	-0.0012550118
0.013777621	0.11949095	-0.40195559	7.6348316e-05	0.00035576863	-0.001156638
0.014148065	0.088721874	-0.40333072	0.00086039969	0.0005523457	-0.00093417859
0.021416107	0.10836508	-0.37025065	0.00047696136	0.00060109858	-0.00090389755
0.02610355	0.12784476	-0.38757033	-6.0886536e-05	0.00070645384	-0.00086854697
0.012394394	0.09190142	-0.40272841	0.00048063394	0.00042195569	-0.00093353179
0.014804246	0.082670928	-0.36092839	0.00061327555	0.00042881642	-0.0010551801
0.025654183	0.11448748	-0.36143751	-3.6581918e-05	0.00062353266	-0.001081137
0.018308613	0.11622945	-0.41189662	-2.0949718e-05	0.00042503135	-0.0010179732
0.012901907	0.083737402	-0.39563127	0.00064760085	0.00042418163	-0.001005942
0.01664555	0.090093332	-0.35609143	6.732783e-05	0.00040054716	-0.001171543
0.012029892	0.11634858	-0.39202672	-0.00058130535	0.0001470466	-0.0012758415
0.0018028464	0.090500691	-0.42358438	0.00013368766	-1.7084944e-05	-0.0011147189
0.0010904884	0.080617993	-0.38504974	0.00012736471	-2.9486356e-05	-0.0012846481
-0.00026275985	0.12028566	-0.40593826	-0.00025074938	-4.6161349e-06	-0.0011815603
-0.0018670288	0.10165099	-0.44962693	0.00058065066	-0.00014279032	-0.00096034757
-0.0023435599	0.077019607	-0.38820906	3.2135675e-05	-0.00014394165	-0.0010608489
-0.0045766757	0.11892774	-0.39691312	-0.00095456461	-0.00014419621	-0.0010526476
-0.0030963813	0.099108868	-0.46519995	-0.00032065528	-0.00028564473	-0.0010776111
-0.006758812	0.084701467	-0.4292823	2.1234413e-05	-0.00034772333	-0.0011111843
0.0018834961	0.12570098	-0.4299864	-0.00031045736	-0.00021004745	-0.0011460307
0.0013719269	0.12345758	-0.47299419	7.3705075e-05	-0.00030499768	-0.00099714701
-0.0016154107	0.089725685	-0.44853432	0.00031028772	-0.00025382523	-0.0011146048
-0.0066972638	0.12081332	-0.41152885	-0.00046184155	-8.4671527e-05	-0.0013962959
-0.013626766	0.11082098	-0.41339549	-0.00019045543	-7.8130299e-05	-0.0011556242
-0.016599936	0.062079128	-0.37129501	0.001045116	-0.00044835884	-0.00096820863
-0.015997827	0.10059041	-0.3313611	-0.00020306793	-0.0003458431	-0.0012310085
-0.014871562	0.12408944	-0.39730566	-0.00025975335	-0.00027076182	-0.0010680769
-0.01630593	0.076980399	-0.38963899	0.00096569037	-0.00038054178	-0.0010797647
-0.016824832	0.098009919	-0.34693169	9.7656532e-05	-0.00031088437	-0.0013126611
-0.018443692	0.11789824	-0.39713687	-0.00061422393	-0.00022128426	-0.0014163284
-0.027586806	0.077314884	-0.43303451	4.7113817e-06	-0.00051864042	-0.0014730132
-0.022897953	0.078094975	-0.39521041	-3.1276783e-05	-0.00043094324	-0.0014458499
-0.015463416	0.10990497	-0.39460987	-0.00072976554	-0.00025132502	-0.0014586159
-0.023747623	0.087882322	-0.45047161	-0.00040412667	-0.00053378715	-0.0014718114
-0.029867692	0.070463849	-0.42528444	-5.0205477e-05	-0.0007874729	-0.0016040365
-0.028279515	0.10409685	-0.41725313	-0.001089003	-0.00071974934	-0.0017681067
-0.032290782	0.095755623	-0.47804109	-0.00077156322	-0.00082929095	-0.0016752525
-0.031782712	0.080210477	-0.45846011	-8.9240938e-05	-0.00078865699	-0.0016221117
-0.026348371	0.1079443	-0.43195197	-0.00085477591	-0.00076494102	-0.0015648217
-0.032802909	0.10717622	-0.47337434	-0.00082214033	-0.00094750211	-0.001614492
-0.036496665	0.080579055	-0.46532598	-0.00037521801	-0.0011549363	-0.0016792932
-0.029738772	0.10465986	-0.42781715	-0.00092221611	-0.00078905316	-0.0017573895
-0.030350486	0.10252752	-0.47873217	-0.00066021756	-0.00083964231	-0.0016326023
-0.029999639	0.079679537	-0.48281134	0.00025375108	-0.00076894361	-0.001557945
-0.028688385	0.080120369	-0.43927546	-0.00022661216	-0.00070834798	-0.0015301726
-0.028681542	0.10763129	-0.43793304	-0.0010607891	-0.00074931478	-0.001595805
-0.033359482	0.087523332	-0.48481758	-0.00059568779	-0.00097996676	-0.0016705551
-0.035507938	0.068224433	-0.456333	-0.00055453366	-0.00094180341	-0.0017596775
-0.032359673	0.10155747	-0.43607671	-0.0012437585	-0.00085753216	-0.0017139541
-0.036199197	0.080547523	-0.49471086	-0.00094614198	-0.00099332087	-0.001704929
-0.037541347	0.066956826	-0.47628172	-0.00062468237	-0.00096027488	-0.0017438565
-0.034983373	0.093819757	-0.45365023	-0.0012948824	-0.0010124411	-0.0018508849
-0.043172913	0.090383123	-0.49419625	-0.0013168049	-0.0010590521	-0.0019281867
-0.037618843	0.056379387	-0.47499521	-0.0003193155	-0.0009386384	-0.0018058544
-0.030238366	0.069706625	-0.39912882	-0.00079587292	-0.00064663185	-0.0018573706
-0.030319943	0.10239879	-0.45194331	-0.0011153864	-0.00071288919	-0.001727775
-0.033001003	0.062478683	-0.47799491	1.2556212e-05	-0.00073780776	-0.0015834933
-0.019090401	0.093721494	-0.42243209	-0.00054475795	-0.00046510406	-0.0017293555
-0.020068736	0.1153377	-0.49268967	-0.0004413999	-0.00026757473	-0.0016099185
-0.021822594	0.076551802	-0.47105055	0.00012195978	-0.00037591261	-0.0016229108
-0.020502048	0.094764186	-0.43567968	0.00011353541	-0.00027092895	-0.0017105895
-0.024582963	0.12826172	-0.46902307	-0.00051032355	-0.00059299894	-0.0016963876
-0.027522022	0.092078872	-0.50656764	-5.6028561e-05	-0.00066030067	-0.001496004
-0.025976724	0.079882035	-0.4663914	0.00036874431	-0.00055589366	-0.0015881724
-0.024758051	0.11553891	-0.45510423	-0.00047007352	-0.00051186136	-0.0016480044
-0.02429693	0.10578418	-0.49908039	-0.00041193053	-0.00057472593	-0.0014948387
-0.022665035	0.078545131	-0.48116702	0.00022102868	-0.00037775665	-0.0015383869
-0.010338986	0.10741874	-0.45776888	-0.00041183362	-0.00017519344	-0.0015914204
-0.01828148	0.11400397	-0.49818566	-0.00046064154	-0.00037909579	-0.0015707434
-0.02322285	0.087951421	-0.48710349	0.00027122899	-0.00033354603	-0.0015874514
-0.0054243776	0.11073137	-0.42477376	0.0002138222	-9.3970595e-07	-0.0014650179
-0.005722117	0.12523028	-0.47119392	-0.00060310297	-0.00015091682	-0.0015271771
-0.015475243	0.084227082	-0.52201004	-9.9117041e-05	-0.00036156914	-0.0016162843
-0.011054735	0.086257871	-0.46056147	-0.00056773144	-0.00025749104	-0.0017087193
-0.0064181337	0.11773632	-0.46312139	-0.0010165746	-0.00013384023	-0.0015690612
-0.02089036	0.090526604	-0.50266382	-0.00025206412	-0.00034351646	-0.0015284236
-0.02360688	0.075265496	-0.45731978	-0.00039165103	-0.00056419441	-0.0017184953
-0.019767501	0.11018616	-0.4544219	-0.0011330789	-0.0004590181	-0.0018195996
-0.026592879	0.08874312	-0.5206473	-0.00076370641	-0.00053911837	-0.0017883326
-0.022411536	0.07399331	-0.51337216	-0.00040273149	-0.00046800129	-0.0017207359
-0.0056232277	0.097734013	-0.48398508	-0.00084108636	4.6563404e-05	-0.0016140388
-0.01202291	0.095742983	-0.51643373	-0.00086048939	-3.3309602e-05	-0.0015679584
-0.016244304	0.076597288	-0.51843448	2.5738476e-05	-0.00017640124	-0.0016011549
0.0012880634	0.099128905	-0.48958723	-0.00026150293	0.00025466627	-0.001624931
-0.00340098	0.10990522	-0.51541919	-0.00080895837	9.9203384e-05	-0.0017199457
-0.003058537	0.086307747	-0.56150934	-0.00025030811	0.00016997715	-0.00172133
0.015553504	0.087377912	-0.50685508	-0.00016767634	0.00090828579	-0.0017061082
0.02402388	0.11280503	-0.47685552	-0.00078363111	0.00096887803	-0.001765602
0.0076590335	0.098139662	-0.54106185	-0.0006383243	0.00058670035	-0.0018221983
0.0037507143	0.078498806	-0.54786218	-0.00018977989	0.00055714633	-0.0017817273
0.0049012726	0.081855634	-0.52286984	-0.00052390355	0.00053236995	-0.0019379885
0.02360536	0.12138776	-0.51799161	-0.00079019801	0.00080185241	-0.0017987706
0.011256838	0.089354947	-0.55090804	-0.00036270946	0.0007350854	-0.0016694227
0.003734536	0.071521028	-0.54532599	-0.00012179664	0.00037459568	-0.0018184478
0.0026646584	0.094193375	-0.52067994	-0.00060115721	0.00046368574	-0.0019141095
-0.0011208584	0.10109915	-0.56003412	-0.00097684764	0.00032487177	-0.0018358738
-0.0025364853	0.051835194	-0.5237415	5.2959933e-05	0.00021436389	-0.0018533818
0.0041177354	0.10383192	-0.46233138	-0.00082775534	0.00032714328	-0.001850469
0.0075529218	0.091104436	-0.43800305	0.00020832357	0.0014275942	-0.0010220945
0.01753481	0.040850399	-0.40682416	0.00066673687	0.0013367539	-0.0010475049
0.00773785	0.1110431	-0.36270805	-0.00067157899	0.00063409156	-0.00094065629
-0.0055792466	0.094047783	-0.42093807	-0.00011704739	0.00039856752	-0.00088773333
-0.0074730981	0.055799027	-0.37487244	0.0004202873	0.00020392134	-0.0010380189
0.0062772399	0.0890929	-0.39022526	0.00026172748	0.00063833152	-0.0011180258
0.0044236936	0.10864518	-0.44155909	-0.00024105089	0.00049215391	-0.0011102156
-0.0080221739	0.069963747	-0.45651523	-2.5683664e-05	0.0002063283	-0.0012182069
-0.0075695696	0.068870971	-0.41874059	-0.00016148035	0.00035181683	-0.0013145324
-0.0087381318	0.09942735	-0.42255593	-0.0010665814	2.0559041e-05	-0.0014365819
-0.017386574	0.083610629	-0.49071857	-0.0005351754	-9.6055415e-05	-0.0014594243
-0.014752625	0.067562002	-0.46668752	9.6019101e-05	-4.0125329e-05	-0.0014230027
-0.0026517284	0.10885518	-0.45017065	-0.0006074244	9.862619e-05	-0.0014536476
-0.0094684912	0.11163801	-0.50706971	-0.00065054824	-2.3322081e-05	-0.0015391151
-0.015924178	0.085422056	-0.50477881	0.00022659678	0.00010650304	-0.0016339871
-0.0031745645	0.099760844	-0.45598074	-0.00027428859	0.00025103685	-0.0016565941
0.0025134026	0.11865333	-0.51129683	-0.00041572195	0.00049295659	-0.0017583488
0.00053890812	0.088078992	-0.53578543	4.6397008e-05	0.00081935046	-0.001755489
0.013288005	0.090843556	-0.51361176	0.00041907517	0.0011195986	-0.0017002572
0.020264623	0.11664505	-0.49882928	-0.00024848282	0.0012100581	-0.0017507197
0.0084417333	0.11097641	-0.54356181	-8.5497782e-05	0.0010092663	-0.0018006707
0.016474879	0.085871701	-0.53049501	0.00065674958	0.0010780758	-0.0016722895
0.028569524	0.094293814	-0.49994117	0.00033094466	0.0012107953	-0.0014854521
0.03637293	0.12088352	-0.51568741	-0.00011441421	0.0013410995	-0.0013989562
0.036114323	0.098832129	-0.53918454	0.00049446658	0.0014687729	-0.001351652
0.048382863	0.096989479	-0.4862832	0.00027942021	0.0017100773	-0.0012076601
0.054151075	0.1274747	-0.49521151	-0.0002522326	0.0017407434	-0.001200794
0.061333083	0.12042283	-0.52115054	0.00044213626	0.0022187961	-0.0010818478
0.065872227	0.10105954	-0.49955056	0.0011051496	0.0023464161	-0.00090326053
0.088821857	0.098240235	-0.46880584	0.00026248659	0.0029293047	-0.00083807867
0.098037632	0.1300643	-0.48796237	0.00033583154	0.0031185058	-0.00064940961
0.089057021	0.094502605	-0.51724385	0.0009089757	0.0030538527	-0.00056190711
0.095894843	0.096748394	-0.4889946	0.00054746301	0.0029536532	-0.00052621534
0.10633555	0.13471504	-0.48482893	5.6506901e-07	0.0031050283	-0.00028322005
0.098657123	0.11054796	-0.521632	0.00064786052	0.003141151	-0.00035694541
0.10056656	0.091924598	-0.50693825	0.00090389007	0.0031998613	-0.00024003885
0.11241278	0.12112334	-0.49603242	0.00024437873	0.0033608304	-0.00025247286
0.12140286	0.14539733	-0.53648463	0.00015959502	0.003550232	-9.5148482e-05
0.11202852	0.11597266	-0.54463367	0.00067795579	0.0036384648	-8.3827975e-05
0.11839665	0.12130378	-0.50375055	0.00049092216	0.0033650987	0.00010506609
0.12873186	0.15097409	-0.5091502	0.00036648865	0.0036297825	0.00025968876
0.11751775	0.12014469	-0.55054847	0.0010270741	0.0036916234	0.00028508789
0.11702959	0.11311573	-0.5297108	0.0009773828	0.0033608709	0.00018273546
0.12095696	0.14051998	-0.5076169	6.4931047e-05	0.0032435014	0.0002239149
0.10520704	0.12483618	-0.5574448	0.00019609799	0.0029498626	3.454906e-05
0.10020503	0.11191631	-0.5512022	0.00087328335	0.0030738166	-0.00012887073
0.10635662	0.13601904	-0.51705591	-3.1284678e-05	0.0030048013	-0.00011292336
0.10093046	0.1463667	-0.58737914	0.00017062819	0.0027644399	-7.7777778e-06
0.09875074	0.1131096	-0.58848241	0.00071930535	0.002776987	-0.00013799519
0.10167602	0.12895523	-0.55089453	1.4958777e-05	0.0027229977	-0.00014671914
0.096782181	0.14467673	-0.58580211	-0.00034667931	0.0027743538	-0.00019780299
0.091712228	0.11643806	-0.62031461	0.00021943208	0.0025823557	-0.00021423384
0.097124139	0.12121377	-0.54885496	-6.8478869e-05	0.0025646573	-0.00018270123
0.099197667	0.15059441	-0.55588367	-0.00026834085	0.002579667	-4.6707694e-05
0.093887688	0.09816307	-0.5362958	0.0012604951	0.0025059394	-1.6326195e-05
0.096537378	0.12600827	-0.47360942	0.0004215564	0.0023620062	-0.00021174351
0.092041354	0.15401173	-0.56603054	0.00015712145	0.0022024871	-0.00013622264
0.087981177	0.11895703	-0.57145097	0.00086665075	0.0023819314	-0.00014419373
0.096079093	0.14371636	-0.53498425	0.00043539261	0.0024696291	-0.00014529181
0.094402256	0.15204387	-0.56670709	0.00044643531	0.0024699058	-0.00013976606
0.084644678	0.11694878	-0.58769469	0.00077577158	0.0024109976	-0.00018345228
0.08575738	0.13257247	-0.53936658	0.00059812857	0.0024396619	-0.00026450036
0.082340942	0.15824062	-0.5730684	0.00029927655	0.0023124714	-0.00027843992
0.073917687	0.12278291	-0.6052123	0.0012009147	0.0022315446	-0.00034200188
0.073383417	0.13080791	-0.55669707	0.00078096589	0.0021377276	-0.00042701483
0.074359913	0.15263077	-0.58326063	0.00017510556	0.0020871999	-0.00027808069
0.064317561	0.12404555	-0.61240584	0.0010677443	0.0020504571	-0.0003441
0.066740166	0.13081664	-0.55678772	0.00074828967	0.001907922	-0.00037389706
0.065719129	0.16099499	-0.56955472	0.00036731611	0.0020023058	-0.00044711206
0.054920266	0.13219185	-0.61414109	0.00091608022	0.0020013377	-0.00054113254
0.058068561	0.1296642	-0.58263845	0.00077953481	0.0021258922	-0.00060758942
0.062231521	0.16006763	-0.57544474	0.00055073019	0.0021886774	-0.00048820025
0.054046111	0.14037039	-0.62182358	0.0011254739	0.0019999973	-0.0004018779
0.052375431	0.12283971	-0.58261147	0.0011569538	0.001977979	-0.00058859659
0.057281557	0.16011793	-0.56723358	0.00053851042	0.0019579797	-0.00069113076
0.054749922	0.14791393	-0.62231139	0.00081027878	0.0019596974	-0.00060445321
0.054544669	0.12242883	-0.60108611	0.0013969711	0.001948861	-0.00076522565
0.060186459	0.14365123	-0.55692953	0.00059843531	0.0019697597	-0.00082992419
0.058786321	0.15752899	-0.59533388	0.00054639421	0.0019686645	-0.00062674587
0.050909735	0.12411421	-0.60664029	0.0016683725	0.0018787094	-0.00070500407
0.054651816	0.13000535	-0.54956717	0.0011255566	0.0019576283	-0.00082838314
0.051901365	0.14699741	-0.58571292	0.00030716452	0.0019482774	-0.0008348799
0.046595672	0.11857023	-0.6215113	0.0012057456	0.0020867178	-0.00076764694
0.055104617	0.11083003	-0.57229163	0.0010791969	0.0022017429	-0.00085100872
0.056110068	0.14001002	-0.57389533	0.00027106046	0.0021706147	-0.00095885347
0.0482404	0.12261502	-0.63696822	0.00067717018	0.0019751855	-0.00093429527
0.052499364	0.11369079	-0.62638364	0.00093965096	0.0021355423	-0.001061474
0.059063703	0.14436116	-0.6022943	0.00039420582	0.0020153848	-0.0011416142
0.052204142	0.13968711	-0.65597501	0.00085254783	0.0019575079	-0.0010095983
0.042702742	0.12215668	-0.65713196	0.0011173972	0.001788382	-0.0011283312
0.048027347	0.15516582	-0.62900234	0.00035297195	0.0015810255	-0.0011881939
0.040744975	0.14652946	-0.66624035	0.00069028469	0.0016756604	-0.0010327111
0.031592749	0.12903116	-0.65773769	0.0010616449	0.0015641247	-0.0012285737
